"ensembl","gene","baseMean","log2FoldChange","lfcSE","stat","pvalue","padj"
"ENSGALG00010010791","H1F0",62.9588692107095,4.54599028538395,1.08719709944012,4.18138559027156,2.89738031895945e-05,0.00620039388257322
"ENSGALG00010009650","KLHL29",26.2412565643613,-2.99309610615302,0.796123878549366,-3.75958589711792,0.000170194835747765,0.0182108474250108
"ENSGALG00010024885","SLC4A1",26.9233447832886,4.57701984524451,1.25484130148116,3.64748900107287,0.000264815643779876,0.0188901825896311
"ENSGALG00010003113","WBP4",32.4483761067231,3.8569116259966,1.08446875201767,3.55649862554431,0.000375830445731488,0.0201069288466346
"ENSGALG00010023281","B2M",30.1759197217157,3.56219492576345,1.09146955792487,3.26366860156501,0.00109979725105899,0.0403584320770099
"ENSGALG00010000020","COX2",113.165543035019,2.12329371169648,0.65219808024092,3.25559638401901,0.00113154482458906,0.0403584320770099
"ENSGALG00010000034","CYTB",60.3762051543519,2.25231521319183,0.7075556045311,3.18323422041784,0.00145639751112304,0.0426729448475409
"ENSGALG00010026002","FTH1",69.9494967583945,2.70448132003736,0.86677543283044,3.12016379052867,0.00180750504386573,0.0426729448475409
"ENSGALG00010003560","ADGRL3",10.3831463267368,-3.38831738887119,1.08651644707764,-3.1185145866725,0.00181765144514657,0.0426729448475409
NA,"UBB.1",43.9736779256086,2.38376403252258,0.771166363381607,3.09111515454284,0.00199406284334303,0.0426729448475409
"ENSGALG00010008074","RHAG",12.2147478543828,4.23796591674716,1.38608292901913,3.05751252542023,0.00223182313911992,0.0434191047065148
"ENSGALG00010018035","ITM2A",16.0667834498528,3.00900684449749,1.00553473430358,2.99244445949597,0.00276753019481709,0.0466898466224917
"ENSGALG00010005015","NRXN3",31.4161003698585,5.58625368168543,1.87645719806319,2.97702163814413,0.00291063466703303,0.0466898466224917
"ENSGALG00010020990","UBB",10.7392658931705,3.31716726184916,1.12757888255626,2.94184940243739,0.00326258549871775,0.0466898466224917
"ENSGALG00010018342","BNIP3L",12.5287251858817,3.32746360594653,1.13144584438213,2.94089515858678,0.00327265280064194,0.0466898466224917
"ENSGALG00010007911","IFI6",68.0464247100636,6.3345387058239,2.20464463860447,2.87326973014283,0.00406247108002787,0.0515297369283886
"ENSGALG00010023131","SOX6",55.2435998756781,2.26808259212428,0.790034159135255,2.87086648836405,0.00409348377468508,0.0515297369283886
"ENSGALG00010000017","COX1",86.0350446439803,1.94725403290733,0.686940495781261,2.83467643102436,0.0045872120615787,0.0545368545098801
"ENSGALG00010017060","CLSTN1",17.2573923395987,2.56750298397369,0.920830044040277,2.78824849448699,0.00529938776564455,0.0596878411498912
"ENSGALG00010000023","ATP6",71.5281271293488,1.84152706967595,0.685792478507903,2.68525410731044,0.00724746815659654,0.077547909275583
"ENSGALG00010000024","COX3",116.096939099229,1.83635370181287,0.711580554017528,2.58066875414871,0.00986091481157787,0.0943621697591512
"ENSGALG00010017476","ATP6V0C",25.3111565562703,2.43098050834602,0.94495419291875,2.57259084785609,0.0100940460171166,0.0943621697591512
"ENSGALG00010027380","GPX1",23.4935147082654,2.79978105139124,1.08900253733731,2.57095916253502,0.0101417285255162,0.0943621697591512
"ENSGALG00010003889","ITM2B",11.7137329210188,2.72896254694434,1.0953823544969,2.49133331,0.0127264668229626,0.109620505706385
"ENSGALG00010013837","IFI27L2",72.5493415129814,4.9993931266301,2.00850182912186,2.48911554579758,0.0128061338442039,0.109620505706385
"ENSGALG00010008069","DLG2",74.5501174720591,-1.6193418557245,0.673584469886261,-2.40406649517607,0.0162138237432185,0.133452241578799
"ENSGALG00010020393","SHISA9",10.4860320197747,-2.46746341144089,1.04183948333758,-2.36837195259319,0.0178665637626789,0.141609060933826
"ENSGALG00010015029","TFRC",20.8322500956525,2.12103522893628,0.915235091856273,2.31747585708762,0.0204778243199577,0.152857173594915
"ENSGALG00010000007","ND1",34.7134903781574,1.73906473422685,0.751816059028243,2.3131518851495,0.0207142898796847,0.152857173594915
"ENSGALG00010027147","KMT2C",12.8546952218821,2.05067557741459,0.919758962936203,2.2295793355121,0.0257753829866371,0.176836835674973
"ENSGALG00010029787","H3F3B",10.2339966755803,2.54526735895297,1.14846269153243,2.21623860985569,0.0266751649210509,0.176836835674973
"ENSGALG00010013325","CA2",70.6259169412642,3.20393377996654,1.44592489360478,2.21583693187475,0.026702672118556,0.176836835674973
"ENSGALG00010018960","RBFOX1",46.5622805375803,-1.7307798000091,0.790456830762807,-2.18959433665576,0.0285536701149206,0.176836835674973
"ENSGALG00010014948","RBM38",10.9723837851556,2.47115639035678,1.13463252302371,2.17793544624591,0.0294108430894311,0.176836835674973
"ENSGALG00010003558","TPT1",27.3183240564788,2.2130948564335,1.01750310556708,2.17502516142208,0.0296282309084143,0.176836835674973
"ENSGALG00010000029","ND4",25.7159072257326,1.79829262261325,0.827399890990044,2.17342622617639,0.0297482527303693,0.176836835674973
"ENSGALG00010021604","SPTB",13.2232921956204,2.48065015164711,1.19460243548513,2.07654871441787,0.037843230542615,0.218877063138368
"ENSGALG00010005619","CELF2",109.427650621894,-1.4503278580571,0.712688087121665,-2.03501066492432,0.0418497998869817,0.235680451995108
"ENSGALG00010000561","ENSGALG00010000561",11.6384353527636,2.17839342619742,1.08192043604838,2.0134506693984,0.0440672396697033,0.241804853572218
"ENSGALG00010014295","CACNA1C",21.3372831236145,-1.61784545036545,0.811221514131638,-1.99433252469549,0.046115727082466,0.246719139891193
"ENSGALG00010000033","ND5",28.8149592326445,1.65879170306112,0.840748247746285,1.9729945408839,0.0484961843079041,0.253126425411987
"ENSGALG00010018378","ARPP21",70.6849963595512,-1.31569603771302,0.673016978659679,-1.95492250482781,0.0505922178337709,0.257779395629213
"ENSGALG00010013517","STMN1",18.5251935589297,1.60691958791794,0.830529816646649,1.93481264093087,0.0530132913163861,0.262898920331334
"ENSGALG00010028556","SPTAN1",17.4065645479938,1.68475864367095,0.883134716375246,1.90770288205394,0.056429629021003,0.262898920331334
"ENSGALG00010025954","TUBA1A",20.2868056048581,1.63027422424143,0.854887517118973,1.90700436208914,0.0565200226276409,0.262898920331334
"ENSGALG00010003133","SAT1",13.6853064727404,2.09220025551731,1.10965273445474,1.88545496311994,0.0593684394212149,0.262898920331334
"ENSGALG00010000026","ND3",26.8072415953905,1.53419135599117,0.814958151388849,1.88254004623011,0.0597627279068037,0.262898920331334
"ENSGALG00010006446","LSAMP",51.2062084810151,-1.41039048885184,0.757024343217753,-1.86307151346935,0.0624522054629998,0.262898920331334
"ENSGALG00010019921","CALM2",28.1306969951137,1.4838036045327,0.798422001424604,1.85842023627253,0.0631093607764161,0.262898920331334
"ENSGALG00010025098","ATP5B",10.6335968957884,1.76228998666101,0.959772827334519,1.83615324009041,0.0663349960944805,0.262898920331334
"ENSGALG00010023831","SATB2",15.1253778505351,-1.73891538578306,0.947220215953775,-1.8358089877042,0.0663859117475888,0.262898920331334
"ENSGALG00010005223","GRIA4",11.9181061503441,-1.89363540268774,1.03182135286588,-1.8352357192727,0.0664707707936664,0.262898920331334
"ENSGALG00010013828","PTN",10.9975033657571,1.59914600969574,0.873942506869203,1.82980687759942,0.0672788220227914,0.262898920331334
"ENSGALG00010020103","PSAP",10.0444454352038,1.79529112474433,0.98733631511126,1.81831772747265,0.0690155848354025,0.262898920331334
"ENSGALG00010007980","MARCH1",11.9558858795062,-1.57847245657868,0.868181034787376,-1.81813745443686,0.0690431266513953,0.262898920331334
"ENSGALG00010001621","DLGAP2",20.8104360895749,-1.38690297707817,0.765646112734261,-1.81141516166691,0.0700766107600569,0.262898920331334
"ENSGALG00010010146","PHACTR1",21.7886083479708,-1.60332176888786,0.885809056625916,-1.81000832729683,0.0702944958157249,0.262898920331334
"ENSGALG00010000037","ND6",21.2857019443612,1.50380983089776,0.833661342759858,1.80386177667703,0.0712529784075579,0.262898920331334
"ENSGALG00010029611","YWHAG",12.6348758582325,1.50027692044394,0.843575906893346,1.77847293667863,0.075326212950955,0.272748354095711
"ENSGALG00010013614","ATRX",16.3262975191458,1.66046224507408,0.940364436574082,1.76576461262555,0.0774353476976274,0.272748354095711
"ENSGALG00010017643","CALM1",27.5982022389613,1.48232694835432,0.842561164281744,1.75931079094769,0.0785247347400405,0.272748354095711
"ENSGALG00010001982","DMD",27.9532394667886,-1.31708045294342,0.749876048394666,-1.75639754831886,0.0790205511866077,0.272748354095711
"ENSGALG00010006041","QKI",12.0342186519635,1.73915133996345,0.994725815864884,1.74837257888126,0.0803995329292686,0.273103175347039
"ENSGALG00010016597","FRYL",14.5158318193949,1.54004058248236,0.88862635259643,1.73305751960045,0.0830854457930324,0.275755052341711
"ENSGALG00010029344","ENSGALG00010029344",10.9516954389381,2.07195876194552,1.19815641224979,1.7292890483764,0.0837573757112673,0.275755052341711
"ENSGALG00010011625","ERBB4",11.0892068029997,4.66341161040795,2.72754008596123,1.70974998109495,0.0873121159946417,0.283102921558384
"ENSGALG00010023696","LRRC4C",38.1227185342579,-1.40656957059349,0.829308274146274,-1.6960756505673,0.0898715542723187,0.287052427078749
"ENSGALG00010024799","ENSGALG00010024799",11.5192575695563,1.71252203502961,1.01787497634916,1.6824483112572,0.0924819399717538,0.291046105205225
"ENSGALG00010005457","SEMA3D",14.6243082173501,1.62451276875387,0.970240234324172,1.67434075735422,0.0940636486824758,0.2917336350442
"ENSGALG00010000822","BASP1",17.731816491529,1.33055417619027,0.802592727518677,1.65781987622023,0.0973538282251345,0.292139447959484
"ENSGALG00010004583","XKR4",10.3138899170192,-1.48134859820844,0.897296354954772,-1.65090227997539,0.0987585302073631,0.292139447959484
"ENSGALG00010026023","THY1",10.6324105393923,1.55267816843787,0.954285432203698,1.62705844188811,0.103724686215538,0.292139447959484
"ENSGALG00010024337","ENSGALG00010024337",15.3866930300853,-1.36477750698702,0.839559373638631,-1.6255878379061,0.104037364177513,0.292139447959484
"ENSGALG00010001274","DLGAP1",22.1927213056685,-1.41146053123097,0.869900484994239,-1.62255402264814,0.104684775836043,0.292139447959484
"ENSGALG00010007882","CPE",24.7814507869954,1.38087442490337,0.851494400354526,1.62170699458321,0.104866100442567,0.292139447959484
"ENSGALG00010013262","CA13",16.5874674057318,1.4011357248567,0.864563811189763,1.62062731139363,0.105097591256377,0.292139447959484
"ENSGALG00010008264","CNTNAP2",27.213127731888,-1.26596442330386,0.782327777567361,-1.61820206261928,0.105619058502917,0.292139447959484
"ENSGALG00010017538","H3F3C",13.7395750420342,1.57153718153701,0.973561071234126,1.61421530499866,0.10648073336841,0.292139447959484
"ENSGALG00010021315","COX6A1",12.4897110314756,1.49672489701693,0.934160438788944,1.60221396118776,0.109108303834826,0.295559202793072
"ENSGALG00010008425","MAGI2",23.5774468137591,-1.17805200108324,0.744543939036894,-1.58224644553163,0.113593321237794,0.303862134311099
"ENSGALG00010018815","CST3",14.918275265638,1.39066778577445,0.904411803348577,1.53764886816549,0.124134491986468,0.324267908248093
"ENSGALG00010018484","NLGN1",16.1914250172448,-1.3375210321118,0.870625153581106,-1.53627657851399,0.124470561307082,0.324267908248093
"ENSGALG00010005010","NKAIN2",33.5212616238705,-1.25982219770853,0.824228994065608,-1.52848565966395,0.12639200132723,0.324267908248093
"ENSGALG00010019871","TAFA1",12.0850356380384,-1.36839610214952,0.904148874104029,-1.51346325958271,0.130162026841817,0.324267908248093
"ENSGALG00010018554","PPIA",17.5755205080669,1.35167726654202,0.893670393318232,1.51250089143402,0.13040648603235,0.324267908248093
"ENSGALG00010025554","DIP2C",11.8885537752856,-1.36814677299767,0.905699069976205,-1.51059752444442,0.130891025085873,0.324267908248093
"ENSGALG00010002584","ENSGALG00010002584",13.5421765240407,2.44509974502996,1.62794325702325,1.50195637008928,0.133108377003409,0.324267908248093
"ENSGALG00010002399","CSMD1",55.193666204306,-1.18635893216335,0.793352439180243,-1.49537440559103,0.134816756367588,0.324267908248093
"ENSGALG00010013100","ZFPM2",10.4920110877508,-1.33595592085719,0.893489208193698,-1.49521215097605,0.134859083336824,0.324267908248093
"ENSGALG00010022038","GAPDH",16.1709861419233,1.2655890349289,0.862410354371541,1.46750213342599,0.142239509329465,0.338213944405617
"ENSGALG00010006472","DCLK1",11.729752463284,-1.27370708107729,0.904140445395494,-1.40874914684315,0.158909356889904,0.373698927191642
"ENSGALG00010011658","TENM1",26.6340603283522,-1.20978253521153,0.868241605862248,-1.39337083945672,0.163507679049473,0.380333079528122
"ENSGALG00010005433","GPC5",15.0679170165516,-1.37436473059742,1.00440138936597,-1.3683421241233,0.171205011096615,0.390632137865341
"ENSGALG00010011549","KIAA0232",11.8952872813669,1.27136729845612,0.92995677248378,1.3671251568613,0.171586079249262,0.390632137865341
"ENSGALG00010027887","ERC2",10.6245291020149,1.36764081934238,1.0123072139112,1.35101360589766,0.176691074305434,0.398019893698557
"ENSGALG00010001925","FRMPD4",15.7061119489713,-1.22143518452216,0.917331304671761,-1.33150932307844,0.183021479377381,0.407985381112079
"ENSGALG00010005800","FRMD4A",13.6559272127058,-1.13130103714006,0.857531873985749,-1.31925246333043,0.18708472426249,0.412743618476009
"ENSGALG00010000011","ND2",12.9393122014726,1.21244505893423,0.941220001169296,1.2881632959648,0.197689125713319,0.426439969987145
"ENSGALG00010007271","CADM2",35.6221144558812,-0.95171693830401,0.740510636710759,-1.28521710711868,0.198716427217679,0.426439969987145
"ENSGALG00010021642","NPTN",10.55644295622,1.24382895473278,0.96899243106649,1.28363123885684,0.199271014012684,0.426439969987145
"ENSGALG00010010915","APP",20.8503733384945,1.07593311361549,0.843065314291633,1.27621560913049,0.201879312327457,0.427744285525502
"ENSGALG00010009113","RPLP1",24.50840177689,1.03362242946597,0.82508399886031,1.25274812127458,0.21029738719301,0.438135559478371
"ENSGALG00010009135","TENM4",11.2966789521202,-1.12515946746264,0.899297407278264,-1.25115391010405,0.210878330029309,0.438135559478371
"ENSGALG00010004275","ADARB2",40.5823829968187,-1.93578982149728,1.57668483686225,-1.22775952190273,0.219537254961988,0.451740120787169
"ENSGALG00010018309","DPYSL2",10.1420204888191,1.09475216199252,0.901947407086107,1.21376496388997,0.224837488915663,0.458240215504303
"ENSGALG00010003437","PNRC1",10.8503279678385,1.25147409236057,1.03863088952943,1.20492670204289,0.22823159938453,0.46076945536122
"ENSGALG00010016869","HSP90AA1",24.0350028334127,0.953436061322069,0.807467347654235,1.18077351869631,0.23769270662013,0.475385413240259
"ENSGALG00010013589","DSCAM",21.4757654684525,1.06085586365258,0.905487133078922,1.17158579608454,0.241363393468582,0.478257094465524
"ENSGALG00010003363","HBE1",20.7688888414519,2.16241807625864,1.88291141126598,1.14844387437471,0.250785370249653,0.492367607646109
"ENSGALG00010001477","NLGN4Y",13.1045606295589,-1.04083243698035,0.91259752292243,-1.14051639505581,0.254071226221895,0.494284021922596
"ENSGALG00010003323","STMN2",13.2675171406878,1.06131176925719,0.937372267220276,1.13222015027653,0.257541890580582,0.496522203461663
"ENSGALG00010008515","TAFA5",15.5524325902597,-1.1307348047865,1.01966413417956,-1.10892868238061,0.267460949243244,0.51104145658977
"ENSGALG00010006516","NBEA",21.2085519912508,-0.882301514126632,0.807775569338845,-1.09226070658312,0.274718526152635,0.520263403510299
"ENSGALG00010019671","ENSGALG00010019671",11.9384508592345,-0.85958334949013,0.826110994820898,-1.04051798714589,0.298099311756989,0.557613538883051
"ENSGALG00010005829","NPAS3",17.1478496636272,1.69929914956366,1.6383845678079,1.03717966035121,0.299652135381079,0.557613538883051
"ENSGALG00010024682","ENSGALG00010024682",17.9118792103181,0.897536317743159,0.89087656329339,1.00747550752166,0.313706321896299,0.578734076601793
"ENSGALG00010021659","SPOCK2",12.8440792740396,0.951845285254315,0.956617719309145,0.995011137721476,0.319730847426133,0.583884985884226
"ENSGALG00010012450","PPFIA2",11.1137168878121,-0.888475603148181,0.897044315061762,-0.99044783878599,0.321955272590368,0.583884985884226
"ENSGALG00010000901","PCDH9",50.3762660033607,-0.746698489248636,0.764576345430453,-0.976617304094398,0.328758649097378,0.591213032830578
"ENSGALG00010002575","V-BG",19.8203511531437,1.63605845964023,1.70832347868182,0.957698281418372,0.33821492362517,0.596580317885808
"ENSGALG00010006261","PCLO",16.6906325476492,-0.815911030183502,0.852325163913903,-0.957276711668132,0.33842760661331,0.596580317885808
"ENSGALG00010024633","NRGN",11.7896711804437,0.905181366081325,0.948872412017452,0.953954772651433,0.340106536364806,0.596580317885808
"ENSGALG00010009415","HMP19",19.4610289811152,0.755737561199392,0.798782624472569,0.946111667987771,0.344091633139739,0.598663491804099
"ENSGALG00010027355","ADCYAP1R1",10.0274451046297,-0.813872757380198,0.870721891824511,-0.934710342098795,0.349937595607784,0.60392456016182
"ENSGALG00010008473","CSMD3",15.4377916554245,-0.802040258458698,0.885062319049172,-0.9061963674155,0.364831925395432,0.62459225627698
"ENSGALG00010018443","PLCB1",15.8189311233156,-0.792101895924431,0.886673106735181,-0.893341514372788,0.371674312560603,0.630111842991015
"ENSGALG00010015095","RBFOX2",10.0503394654741,-0.761631899700898,0.85662444036657,-0.889108299752664,0.373944878784387,0.630111842991015
"ENSGALG00010029495","RPL38",10.5134281618007,0.861011787326521,0.977321436391829,0.880991406988154,0.3783224709857,0.630693609938744
"ENSGALG00010024791","SHANK2",12.0456928675661,-0.747213115577501,0.85147013182476,-0.877556461054214,0.380184465804196,0.630693609938744
"ENSGALG00010013749","NELL2",22.7198549675353,0.807474133494959,0.934393686006879,0.864169081605946,0.387495014199869,0.633655470875779
"ENSGALG00010016779","CTNNA2",16.985070159193,0.772066211226576,0.894167748269782,0.863446722072595,0.387891900395921,0.633655470875779
"ENSGALG00010005362","ATP1B1",12.7328454718435,0.787740891007212,0.924272987808745,0.852281632588634,0.394057797873734,0.638851278371054
"ENSGALG00010002926","GALNTL6",15.84198749788,0.814094368099094,0.96232667140731,0.845964673210772,0.397572451927306,0.639703042950702
"ENSGALG00010017094","SORBS2",11.85605403136,-0.718003454634591,0.865414805149826,-0.829663937295694,0.406728816298688,0.649551990208353
"ENSGALG00010007480","TENM3",17.6699367930202,-0.670589039564087,0.818361490723514,-0.819428879737754,0.412541763483049,0.651225759294386
"ENSGALG00010011378","TUBB2B",15.0412023328915,0.743602460409761,0.911042892867726,0.816210154572519,0.414379949992328,0.651225759294386
"ENSGALG00010018092","PCDH11X",15.7175185426689,-0.642220999498794,0.791107089507784,-0.811800334008351,0.416906210389396,0.651225759294386
"ENSGALG00010017008","RTN1",21.4796184848328,0.607518397322751,0.755446545550424,0.804184493133275,0.421290433068604,0.65330545417885
"ENSGALG00010009054","RYR2",11.1212130225579,-0.723970477236282,0.91912054206772,-0.787677398230689,0.430885429272003,0.663377567368407
"ENSGALG00010003372","ENOX1",12.2289958845897,-0.750226810513346,0.975572942539236,-0.769011498577077,0.44188648447718,0.66458335998752
"ENSGALG00010014314","ENSGALG00010014314",15.4453732151799,-0.641438323217091,0.839558893705043,-0.764018257714322,0.444856362434348,0.66458335998752
"ENSGALG00010002275","IL1RAPL1",24.0312116871831,-0.673736868731395,0.883590101402395,-0.762499339526404,0.44576203719011,0.66458335998752
"ENSGALG00010016313","ENSGALG00010016313",12.4421332578312,0.702584673649481,0.923739959655678,0.760587074647466,0.446903742345545,0.66458335998752
"ENSGALG00010022174","KCNMA1",18.0315969351582,-0.574893105587392,0.756341220757181,-0.760097545671066,0.447196279617771,0.66458335998752
"ENSGALG00010029634","DDX5",12.3311018996705,-0.6365169187881,0.848579816232021,-0.750096698757754,0.453196467634444,0.668855476370835
"ENSGALG00010004798","PTPRK",14.9848444481359,-0.719124293878744,0.995440175571954,-0.722418394923184,0.470037280771851,0.686157746979308
"ENSGALG00010015776","SPOCK1",10.7984203139263,-0.648950849795789,0.901167962715521,-0.720121971314074,0.471449900810565,0.686157746979308
"ENSGALG00010000798","ENSGALG00010000798",12.9058909906799,0.740797252189319,1.03591584109034,0.715113354584485,0.47453900258382,0.686157746979308
"ENSGALG00010024680","BRSK1",18.302720190825,-0.550443543357184,0.793680878462703,-0.693532574985742,0.487975390385047,0.697907094261521
"ENSGALG00010001818","ADGRB3",45.4934267420338,-0.529317655519039,0.765349935624927,-0.691602142864019,0.48918721560387,0.697907094261521
"ENSGALG00010015759","EIF5",11.0329617823354,0.647233597816812,0.952108743699916,0.6797895745623,0.496637708841463,0.699890685355385
"ENSGALG00010002393","GPM6B",14.1520454838256,0.58952279244208,0.868183245275074,0.679030372505399,0.497118617635601,0.699890685355385
"ENSGALG00010001918","CNKSR2",14.5567063882526,-0.573459148557744,0.866375520794927,-0.661905992024772,0.508031471377641,0.710579966502059
"ENSGALG00010009679","ANK3",16.7902362476749,-0.497987462489334,0.769670706221743,-0.647013662419241,0.517623101161184,0.715643613913567
"ENSGALG00010007886","GRM5",10.0656091452398,-0.566675224418384,0.883326301373374,-0.641524228971028,0.521182144304972,0.715643613913567
"ENSGALG00010018016","IFIT5",29.9101865918164,1.7563745167014,2.74884567659094,0.638949844168634,0.522855560807968,0.715643613913567
"ENSGALG00010004955","ENSGALG00010004955",10.4171311190835,-0.586895321987432,0.924449250276583,-0.634859427720711,0.525520100345406,0.715643613913567
"ENSGALG00010002886","HERC2",14.5357682908274,0.564937424612275,0.896025562018281,0.630492531194941,0.528372387842727,0.715643613913567
"ENSGALG00010011998","MPPED1",10.6294416472725,-0.522855614636506,0.859592306689108,-0.608259997870838,0.543015047398585,0.730850441152812
"ENSGALG00010003978","ANK2",18.9121494267544,0.542210164045453,0.902664405409367,0.600677461962794,0.548054833296189,0.733023339533653
"ENSGALG00010013006","GRIK2",25.6136038476058,-0.485066857667125,0.860031254442362,-0.564010732356045,0.572746828152658,0.759292073185461
"ENSGALG00010009649","TENM2",23.422970090763,-0.515760737970931,0.919344359636018,-0.561009302515466,0.574791195588994,0.759292073185461
"ENSGALG00010005184","FGF14",17.3176518219371,-0.511342628771898,0.955830876825985,-0.534971867062829,0.592669311129049,0.777891168559623
"ENSGALG00010007536","GABBR2",17.4622395015163,-0.514459687557045,0.98909297140272,-0.520132790780471,0.602971025104071,0.777891168559623
"ENSGALG00010016706","RTN4",12.7597496578477,0.431787777045173,0.83705818059458,0.515839623881897,0.605966425453834,0.777891168559623
"ENSGALG00010000597","CDH9",15.5119383771908,-1.20169691549011,2.34387010751949,-0.512697743631306,0.608162768294334,0.777891168559623
"ENSGALG00010016896","SPTBN1",15.2114376110441,0.417266463381002,0.821631851494267,0.507850885554324,0.61155792073379,0.777891168559623
"ENSGALG00010003347","GPM6A",23.3177452929412,0.391792305319765,0.777468498865601,0.503933350214737,0.614308213785451,0.777891168559623
"ENSGALG00010002330","KHDRBS2",12.2016076604203,-0.439138134611772,0.87144003082992,-0.503922380285373,0.614315922834469,0.777891168559623
"ENSGALG00010020663","ENSGALG00010020663",10.8813642120281,-0.439598335279076,0.930239891109116,-0.472564485226437,0.636523925171557,0.795783993349274
"ENSGALG00010002619","RAB6A",10.4341658266303,-0.430388489695868,0.917907383027776,-0.468880082733624,0.639155353631663,0.795783993349274
"ENSGALG00010006244","EPHA3",19.2155735794729,0.463349789592562,0.989524026200562,0.468255218998237,0.639602088112501,0.795783993349274
"ENSGALG00010010410","CACNA2D1",16.5417388167406,-0.393639136065946,0.852858106258626,-0.461552904495201,0.644401974276666,0.797121517313332
"ENSGALG00010002364","VSNL1",10.5922762316526,-0.399968409864822,0.883893167779128,-0.452507638304054,0.650903319831817,0.800536266919591
"ENSGALG00010011885","NCALD",11.6798170132355,-0.376532167110675,0.843206588308062,-0.446547942499129,0.655201489569357,0.800848090976007
"ENSGALG00010027571","RBM10",12.7834879493955,-0.368105702286137,0.833214840647786,-0.441789661355469,0.658641420615782,0.800848090976007
"ENSGALG00010008488","CCSER1",16.603255609542,-0.303774855793621,0.808990456739867,-0.375498688844608,0.707289621372334,0.850720143822941
"ENSGALG00010015016","ARGLU1",12.7068073805915,0.32652344312439,0.870592793273835,0.375058748070392,0.707616775597387,0.850720143822941
"ENSGALG00010002390","MYT1L",16.9984732449331,-0.28438877936054,0.769179602329043,-0.369730006489281,0.711583671702366,0.850720143822941
"ENSGALG00010013285","ATP2B1",12.4285622966546,0.273119366609228,0.816808722207752,0.334373714657471,0.738097571724166,0.877516001938731
"ENSGALG00010024816","NFIA",22.6470139530705,-0.251285423236401,0.765670976687341,-0.328189824203056,0.742768141258763,0.878189957068372
"ENSGALG00010009461","ZEB2",10.7919374859182,-0.35347324946938,1.1462088653979,-0.308384675899951,0.757789641016844,0.891027380096728
"ENSGALG00010011636","GRIK1",10.5409880645867,0.278690860785314,0.930526529263539,0.299498028289298,0.764560076225922,0.894075717553811
"ENSGALG00010020328","SLC17A6",11.6504687300745,0.236223874781885,0.82960741931999,0.28474175770452,0.775841996286089,0.901303719165415
"ENSGALG00010011273","RUNX1T1",10.5545076608608,-0.248493464459925,0.886185072057637,-0.280408091148441,0.779164430119634,0.901303719165415
"ENSGALG00010024894","TUT4",10.2613007128759,0.271807080683818,1.01365797667574,0.268144765727786,0.788587889020926,0.90730004435741
"ENSGALG00010019932","KALRN",18.1025863111513,-0.226380300813084,0.890155218483583,-0.254315535215007,0.799251798900079,0.914651791254636
"ENSGALG00010013648","NAV3",16.774772595949,-0.214421812204861,0.87201261798539,-0.245893015516495,0.805765050682636,0.91720064279832
"ENSGALG00010024646","RORA",10.6857858333527,-0.212512990251272,0.937324615375486,-0.226722937566449,0.820639189925663,0.918245190381339
"ENSGALG00010002446","RIMS1",15.4137508089762,0.188552213691571,0.851227247215193,0.221506318446012,0.824698217378035,0.918245190381339
"ENSGALG00010000588","ENSGALG00010000588",1648.07117247241,0.207709361347959,0.958308920297291,0.216745724628675,0.828406511827315,0.918245190381339
"ENSGALG00010007360","ROBO1",29.4017513098256,-0.21426192305263,1.0186174811222,-0.210345813834433,0.833397780760446,0.918245190381339
"ENSGALG00010029371","AUTS2",17.2128598739576,-0.213361260336933,1.01844190484822,-0.209497723258677,0.834059712531249,0.918245190381339
"ENSGALG00010022171","FOXP1",11.3154032181706,0.181273258434157,0.875909854649308,0.206954240178899,0.836045595811609,0.918245190381339
"ENSGALG00010005359","MEIS2",10.8038982453034,-0.215017600948099,1.04330687731119,-0.206092383386029,0.836718748244678,0.918245190381339
NA,"NOVA1.1",11.5888584371791,0.183457393294117,0.920864588327946,0.199222986332039,0.842088319317459,0.919422960887429
"ENSGALG00010008237","GRIA2",21.6551600391438,0.14070609900413,0.822155552379545,0.171142916443109,0.864111391204528,0.934108605558799
"ENSGALG00010027231","ATP2B2",19.6449801712898,0.138153277009299,0.808184044708328,0.170942841440477,0.864268709816085,0.934108605558799
"ENSGALG00010027905","SYN2",15.1266953573257,-0.113127711338416,0.776803434076665,-0.145632352247365,0.88421162685475,0.94948063168492
"ENSGALG00010007414","ROBO2",16.2887296878468,0.13168804757096,0.932385605741742,0.141237752663715,0.887682122676372,0.94948063168492
"ENSGALG00010015606","TMEM131",11.2747089262428,0.120424539991507,0.888399933440753,0.135552171334711,0.892175318090257,0.94948063168492
"ENSGALG00010003764","HDAC9",11.4349412669347,-0.22784572684951,1.74709283805946,-0.130414206896174,0.896238727104457,0.94948063168492
"ENSGALG00010005178","EPHA5",23.3541245031518,-0.111698817706266,0.956420110775979,-0.116788445211217,0.907027700473683,0.956176984735804
"ENSGALG00010020290","NELL1",12.8958273036342,0.0929343018928582,0.903943680945948,0.102809836333615,0.918113898371269,0.958466395040099
"ENSGALG00010004101","ARID1B",10.1146611186215,-0.0917943892907994,0.89332863406583,-0.102755453917349,0.918157060669254,0.958466395040099
"ENSGALG00010000777","MYCBP2",11.9383981940037,-0.0547453150280329,0.865290602430168,-0.0632681261928429,0.949552996509426,0.981318547285283
"ENSGALG00010024950","NCAM1",10.5581435722041,-0.0511791194839769,0.833945979484851,-0.0613698257956606,0.95106468257627,0.981318547285283
"ENSGALG00010011321","MAP2",25.8030900623354,-0.0382457542832873,0.754006870239954,-0.0507233498696319,0.959545970090755,0.981318547285283
"ENSGALG00010005999","PDE10A",13.9796147317899,-0.0402319457759614,0.927772879947355,-0.043364002813107,0.965411372288106,0.981318547285283
"ENSGALG00010014120","SOX5",18.0131342710743,-0.0419626380594143,0.974604081856074,-0.0430560869183916,0.965656824375789,0.981318547285283
"ENSGALG00010017272","NRXN1",53.4904878143931,0.0299204445615267,0.735751121130446,0.040666529349701,0.967561745220536,0.981318547285283
"ENSGALG00010012026","SYT1",40.9079972907201,-0.0123688175889298,0.679114036079988,-0.0182131673501046,0.98546879835288,0.993124336883392
"ENSGALG00010009266","PCDH7",12.1995266545212,0.00920279617687781,0.898385618675106,0.0102437038011023,0.991826849831411,0.993124336883392
"ENSGALG00010008242","CNTN5",21.669356341067,0.00777388803222692,0.902107675260764,0.00861747244305375,0.993124336883392,0.993124336883392
